Actual Sales,Predicted Sales
47.94,81.16630164092456
11.36,68.61036005847025
10.95,339.4601273835819
17.48,68.61036005847025
21.12,68.61036005847025
88.832,68.61036005847025
6.672,68.61036005847025
22.48,68.61036005847025
251.58,68.61036005847025
38.256,68.61036005847025
5.4,68.61036005847025
556.665,473.4748413465369
199.98,332.2405619296831
2399.96,1010.4252420566534
971.5,96.64756910235515
3347.37,332.2405619296831
14.016,68.61036005847025
370.62,473.4748413465369
595.38,83.84555840563046
4.554,68.61036005847025
806.336,339.4601273835819
387.136,68.61036005847025
45.408,332.2405619296831
1126.02,517.4017796550118
1801.632,517.4017796550118
22.72,68.61036005847025
96.53,81.16630164092456
7.3,68.61036005847025
3.168,68.61036005847025
44.688,248.4006372861004
71.632,68.61036005847025
0.984,68.61036005847025
422.856,248.4006372861004
15.552,68.61036005847025
7.992,339.4601273835819
383.84,339.4601273835819
69.264,473.4748413465369
79.96,339.4601273835819
34.7,68.61036005847025
212.058,473.4748413465369
24.0,332.2405619296831
5.248,68.61036005847025
126.3,81.16630164092456
558.4,535.8245668677803
85.246,473.4748413465369
32.04,81.16630164092456
82.56,68.61036005847025
107.44,248.4006372861004
1013.832,473.4748413465369
62.91,332.2405619296831
906.68,473.4748413465369
512.94,473.4748413465369
81.08,68.61036005847025
54.816,68.61036005847025
14.72,68.61036005847025
7.184,68.61036005847025
10.78,68.61036005847025
319.984,1010.4252420566534
21.2,332.2405619296831
1325.85,364.74718140610196
44.67,81.16630164092456
657.93,339.4601273835819
59.976,740.5457838665767
824.95,339.4601273835819
7.24,68.61036005847025
13.128,68.61036005847025
170.88,68.61036005847025
307.98,339.4601273835819
127.104,81.16630164092456
359.88,339.4601273835819
43.512,68.61036005847025
70.464,68.61036005847025
11.56,68.61036005847025
11.96,68.61036005847025
122.328,68.61036005847025
304.99,68.61036005847025
575.92,339.4601273835819
388.704,473.4748413465369
83.7,248.4006372861004
6.264,68.61036005847025
11.62,68.61036005847025
18.496,68.61036005847025
128.85,339.4601273835819
254.352,248.4006372861004
159.96,332.2405619296831
2.412,68.61036005847025
107.94,68.61036005847025
90.64,68.61036005847025
16.784,248.4006372861004
895.92,68.61036005847025
965.85,248.4006372861004
2735.952,339.4601273835819
41.96,81.16630164092456
205.9992,473.4748413465369
2.672,68.61036005847025
53.2,81.16630164092456
170.072,473.4748413465369
493.43,473.4748413465369
19.44,68.61036005847025
8.72,68.61036005847025
120.666,473.4748413465369
2519.958,740.109579837611
62.28,68.61036005847025
3930.072,5417.546741910696
18.656,68.61036005847025
363.92,473.4748413465369
18.936,68.61036005847025
131.104,473.4748413465369
67.136,248.4006372861004
87.92,68.61036005847025
361.96,68.61036005847025
22.512,248.4006372861004
75.33,81.16630164092456
62.808,68.61036005847025
32.4,68.61036005847025
8.544,81.16630164092456
86.352,68.61036005847025
14.94,68.61036005847025
14.301,68.61036005847025
96.256,68.61036005847025
450.04,248.4006372861004
95.92,68.61036005847025
287.968,535.8245668677803
47.984,332.2405619296831
2.97,339.4601273835819
15.008,248.4006372861004
33.62,68.61036005847025
862.344,339.4601273835819
6.16,81.16630164092456
327.7328,473.4748413465369
18.84,195.60271247912988
26.8,81.16630164092456
111.9,81.16630164092456
61.44,68.61036005847025
21.84,68.61036005847025
1478.272,473.4748413465369
82.656,68.61036005847025
494.97,339.4601273835819
8.288,68.61036005847025
10.896,68.61036005847025
78.6,68.61036005847025
1117.92,385.8548374535674
23.952,248.4006372861004
523.25,68.61036005847025
109.53,332.2405619296831
209.7,68.61036005847025
981.372,637.0496612007969
119.04,68.61036005847025
2.032,81.16630164092456
307.98,339.4601273835819
37.94,68.61036005847025
38.52,68.61036005847025
2177.584,2208.3431958854753
2321.9,1888.091127480222
335.944,332.2405619296831
310.688,68.61036005847025
26.046,68.61036005847025
842.376,473.4748413465369
17.94,68.61036005847025
15.232,81.16630164092456
79.12,81.16630164092456
57.06,332.2405619296831
14.07,68.61036005847025
131.94,68.61036005847025
27.936,68.61036005847025
44.416,68.61036005847025
12.96,68.61036005847025
47.04,81.16630164092456
58.58,332.2405619296831
230.28,473.4748413465369
3.15,68.61036005847025
51.75,68.61036005847025
21.5,68.61036005847025
54.336,68.61036005847025
3.312,81.16630164092456
122.352,473.4748413465369
718.116,473.4748413465369
15.47,68.61036005847025
3.52,68.61036005847025
14.82,81.16630164092456
1218.735,473.4748413465369
7.56,68.61036005847025
41.22,339.4601273835819
387.136,473.4748413465369
15.552,68.61036005847025
21.72,183.15548966621478
37.392,248.4006372861004
102.96,248.4006372861004
8.4,68.61036005847025
58.112,332.2405619296831
339.96,339.4601273835819
962.08,147.81640657526864
2.907,68.61036005847025
307.92,473.4748413465369
158.368,248.4006372861004
15.488,81.16630164092456
141.76,68.61036005847025
915.136,473.4748413465369
175.23,332.2405619296831
3.798,68.61036005847025
8.608,68.61036005847025
2803.92,637.0496612007969
45.98,68.61036005847025
36.63,248.4006372861004
40.98,68.61036005847025
3.76,68.61036005847025
23.32,68.61036005847025
6.08,68.61036005847025
16.52,68.61036005847025
111.15,81.16630164092456
175.872,68.61036005847025
182.94,68.61036005847025
14.832,68.61036005847025
663.072,248.4006372861004
719.976,1266.169817770939
14.352,68.61036005847025
435.84,332.2405619296831
121.792,68.61036005847025
1.728,68.61036005847025
1184.72,473.4748413465369
3.6,68.61036005847025
184.66,68.61036005847025
37.056,332.2405619296831
33.48,81.16630164092456
109.9,68.61036005847025
122.382,339.4601273835819
62.82,68.61036005847025
521.96,473.4748413465369
12.192,68.61036005847025
62.94,248.4006372861004
35.97,68.61036005847025
191.058,473.4748413465369
10.896,68.61036005847025
108.08,68.61036005847025
24.32,68.61036005847025
735.98,122.82612858164578
747.558,473.4748413465369
479.984,1011.219683233124
61.68,248.4006372861004
38.24,339.4601273835819
1071.576,473.4748413465369
14.62,68.61036005847025
2518.29,68.61036005847025
479.984,1262.4651745566534
12.96,68.61036005847025
77.56,68.61036005847025
99.68,68.61036005847025
17.52,68.61036005847025
8.682,68.61036005847025
33.29,248.4006372861004
7.184,68.61036005847025
37.464,68.61036005847025
23.84,68.61036005847025
220.776,248.4006372861004
8.69,68.61036005847025
29.2,68.61036005847025
32.4,68.61036005847025
96.08,68.61036005847025
24.2,68.61036005847025
16.34,68.61036005847025
289.568,473.4748413465369
59.98,339.4601273835819
913.43,473.4748413465369
1044.63,473.4748413465369
79.92,68.61036005847025
1013.488,473.4748413465369
321.568,473.4748413465369
225.296,473.4748413465369
179.97,332.2405619296831
2.864,68.61036005847025
490.32,68.61036005847025
18.16,68.61036005847025
204.85,68.61036005847025
109.8,81.16630164092456
27.96,332.2405619296831
10.43,68.61036005847025
383.976,332.2405619296831
7.92,339.4601273835819
19.44,68.61036005847025
16.0,68.61036005847025
4.176,68.61036005847025
95.84,339.4601273835819
60.416,248.4006372861004
695.16,68.61036005847025
17.48,68.61036005847025
2.624,68.61036005847025
177.48,339.4601273835819
26.976,68.61036005847025
20.7,68.61036005847025
55.328,68.61036005847025
141.96,473.4748413465369
5.04,68.61036005847025
52.776,68.61036005847025
863.928,339.4601273835819
35.88,68.61036005847025
4899.93,1095.1062716021079
26.4,68.61036005847025
2.068,68.61036005847025
957.5775,473.4748413465369
12.72,68.61036005847025
1133.35,473.4748413465369
1415.76,339.4601273835819
180.96,68.61036005847025
542.94,473.4748413465369
276.69,81.16630164092456
871.8,68.61036005847025
143.952,68.61036005847025
81.088,68.61036005847025
1793.98,1073.8441708053579
349.95,332.2405619296831
71.96,339.4601273835819
106.32,68.61036005847025
555.21,68.61036005847025
535.41,248.4006372861004
29.2,68.61036005847025
11.52,68.61036005847025
36.84,68.61036005847025
10.744,248.4006372861004
397.6,81.16630164092456
859.2,339.4601273835819
111.672,248.4006372861004
22.74,68.61036005847025
191.976,332.2405619296831
22.911,68.61036005847025
239.358,473.4748413465369
82.4,68.61036005847025
47.992,473.4748413465369
12.84,68.61036005847025
386.34,248.4006372861004
26.88,68.61036005847025
85.246,473.4748413465369
84.95,339.4601273835819
698.352,473.4748413465369
33.36,68.61036005847025
14.94,68.61036005847025
25.02,81.16630164092456
177.55,248.4006372861004
16.4,68.61036005847025
47.3,68.61036005847025
2244.48,473.4748413465369
50.94,68.61036005847025
25.92,68.61036005847025
7.31,68.61036005847025
8.56,68.61036005847025
2.862,68.61036005847025
9.84,68.61036005847025
25.92,68.61036005847025
43.6,339.4601273835819
23.36,68.61036005847025
362.92,248.4006372861004
43.56,68.61036005847025
29.9,68.61036005847025
207.184,473.4748413465369
12.39,68.61036005847025
223.888,68.61036005847025
25.696,248.4006372861004
1088.76,248.4006372861004
6.63,68.61036005847025
8.736,81.16630164092456
7.27,68.61036005847025
45.36,68.61036005847025
799.92,332.2405619296831
7.04,81.16630164092456
43.57,248.4006372861004
17.52,339.4601273835819
126.56,339.4601273835819
25.92,68.61036005847025
159.98,332.2405619296831
12.128,68.61036005847025
25.92,68.61036005847025
11.232,68.61036005847025
5.46,68.61036005847025
105.584,339.4601273835819
517.405,473.4748413465369
5.04,68.61036005847025
579.51,248.4006372861004
196.21,68.61036005847025
3.744,68.61036005847025
27.88,332.2405619296831
174.3,68.61036005847025
98.21,248.4006372861004
146.82,68.61036005847025
1554.936,303.7930560635299
564.195,473.4748413465369
191.82,81.16630164092456
13.776,68.61036005847025
8.67,68.61036005847025
146.82,68.61036005847025
49.12,68.61036005847025
7.36,68.61036005847025
323.37,332.2405619296831
60.84,81.16630164092456
99.98,339.4601273835819
449.568,473.4748413465369
111.04,68.61036005847025
26.55,68.61036005847025
340.92,248.4006372861004
39.98,81.16630164092456
1022.97,339.4601273835819
371.97,549.3655947315053
110.97,339.4601273835819
19.04,332.2405619296831
510.24,473.4748413465369
47.12,81.16630164092456
1287.45,332.2405619296831
67.15,248.4006372861004
39.99,339.4601273835819
172.736,248.4006372861004
179.7,339.4601273835819
121.536,68.61036005847025
75.88,68.61036005847025
29.34,68.61036005847025
8.32,68.61036005847025
88.8,68.61036005847025
70.97,68.61036005847025
15.8,68.61036005847025
167.94,68.61036005847025
10.368,68.61036005847025
43.176,339.4601273835819
50.232,339.4601273835819
20.16,68.61036005847025
6.16,148.9467094098116
3.38,68.61036005847025
68.81,68.61036005847025
70.56,81.16630164092456
10.272,68.61036005847025
34.36,339.4601273835819
12.39,68.61036005847025
796.425,473.4748413465369
12.96,68.61036005847025
5.16,68.61036005847025
45.92,68.61036005847025
35.168,248.4006372861004
14.352,68.61036005847025
207.846,473.4748413465369
599.165,473.4748413465369
191.96,473.4748413465369
44.46,81.16630164092456
50.12,68.61036005847025
6.79,332.2405619296831
1091.93,339.4601273835819
45.68,68.61036005847025
8.288,68.61036005847025
51.465,68.61036005847025
36.24,332.2405619296831
438.368,339.4601273835819
161.94,248.4006372861004
2.043,68.61036005847025
807.75,441.56461647641146
83.92,248.4006372861004
78.304,68.61036005847025
94.99,332.2405619296831
63.84,248.4006372861004
15.24,81.16630164092456
19.92,68.61036005847025
43.056,68.61036005847025
10.368,68.61036005847025
124.2,81.16630164092456
143.856,68.61036005847025
36.288,68.61036005847025
198.272,473.4748413465369
232.55,248.4006372861004
333.576,339.4601273835819
33.93,68.61036005847025
4.56,68.61036005847025
52.76,68.61036005847025
71.984,339.4601273835819
16.74,68.61036005847025
13.44,68.61036005847025
23.616,68.61036005847025
113.73,339.4601273835819
70.95,68.61036005847025
76.12,68.61036005847025
113.92,81.16630164092456
31.44,248.4006372861004
275.058,473.4748413465369
13.11,68.61036005847025
95.84,339.4601273835819
8.85,68.61036005847025
4.28,68.61036005847025
839.43,68.61036005847025
74.112,332.2405619296831
3.304,68.61036005847025
53.088,68.61036005847025
657.504,339.4601273835819
863.128,473.4748413465369
62.24,68.61036005847025
221.024,248.4006372861004
10.368,68.61036005847025
79.96,332.2405619296831
261.96,473.4748413465369
8.832,68.61036005847025
1319.96,332.2405619296831
45.36,68.61036005847025
15.58,248.4006372861004
79.9,332.2405619296831
1196.86,149.5372700831209
33.75,68.61036005847025
5.588,68.61036005847025
19.76,81.16630164092456
18.336,68.61036005847025
16.821,68.61036005847025
15.7,68.61036005847025
225.568,473.4748413465369
40.736,68.61036005847025
31.08,68.61036005847025
15.84,68.61036005847025
1000.02,375.6988748980407
99.136,68.61036005847025
86.2,68.61036005847025
2.78,68.61036005847025
5.193,68.61036005847025
30.144,68.61036005847025
75.384,81.16630164092456
161.568,473.4748413465369
211.372,473.4748413465369
61.96,68.61036005847025
17.088,68.61036005847025
50.496,81.16630164092456
79.14,68.61036005847025
17.94,68.61036005847025
14.76,81.16630164092456
3.424,68.61036005847025
718.64,248.4006372861004
742.336,339.4601273835819
158.928,332.2405619296831
11.416,68.61036005847025
43.8,68.61036005847025
67.344,248.4006372861004
146.86,68.61036005847025
65.94,68.61036005847025
39.264,332.2405619296831
199.96,332.2405619296831
47.36,68.61036005847025
11.16,68.61036005847025
80.88,68.61036005847025
33.04,68.61036005847025
54.48,68.61036005847025
105.98,248.4006372861004
715.64,153.0280556287886
619.95,332.2405619296831
205.176,473.4748413465369
24.96,81.16630164092456
180.96,339.4601273835819
14.352,68.61036005847025
36.4,68.61036005847025
16.256,68.61036005847025
23.904,68.61036005847025
185.376,68.61036005847025
15.51,248.4006372861004
423.28,248.4006372861004
31.08,68.61036005847025
173.94,473.4748413465369
190.92,226.66199470126656
223.056,68.61036005847025
34.5,204.84595332088156
29.9,68.61036005847025
1.192,68.61036005847025
539.92,339.4601273835819
76.776,68.61036005847025
82.26,81.16630164092456
230.28,473.4748413465369
59.94,68.61036005847025
50.97,339.4601273835819
159.968,339.4601273835819
13.38,68.61036005847025
9.296,68.61036005847025
15.552,68.61036005847025
140.736,339.4601273835819
340.116,473.4748413465369
152.24,68.61036005847025
47.976,332.2405619296831
38.6,81.16630164092456
65.79,68.61036005847025
16.56,68.61036005847025
1119.984,1174.5662363136466
45.0,332.2405619296831
2.21,68.61036005847025
3.15,68.61036005847025
67.9,68.61036005847025
35.92,81.16630164092456
38.08,81.16630164092456
47.9,68.61036005847025
34.37,68.61036005847025
29.76,68.61036005847025
21.3,68.61036005847025
13.12,68.61036005847025
8.448,68.61036005847025
19.44,68.61036005847025
62.31,68.61036005847025
132.224,81.16630164092456
3.798,68.61036005847025
219.168,339.4601273835819
64.4,68.61036005847025
272.4,68.61036005847025
338.04,248.4006372861004
26.336,68.61036005847025
269.36,248.4006372861004
1448.82,473.4748413465369
87.4,332.2405619296831
66.69,81.16630164092456
14.94,68.61036005847025
5.34,68.61036005847025
222.384,339.4601273835819
317.058,473.4748413465369
64.96,266.5886237292081
10.476,68.61036005847025
69.008,81.16630164092456
210.008,473.4748413465369
10.776,68.61036005847025
4416.174,637.0496612007969
331.536,248.4006372861004
30.98,68.61036005847025
17.45,68.61036005847025
604.752,339.4601273835819
71.976,339.4601273835819
4.095,68.61036005847025
330.588,473.4748413465369
70.98,473.4748413465369
717.12,332.2405619296831
119.833,473.4748413465369
646.74,332.2405619296831
959.984,1382.7814927384718
112.776,332.2405619296831
1999.96,942.3776181967635
54.5,248.4006372861004
14.78,339.4601273835819
963.136,473.4748413465369
71.372,473.4748413465369
25.92,68.61036005847025
14.94,68.61036005847025
25.472,81.16630164092456
50.96,68.61036005847025
1117.92,413.80283745356735
668.16,339.4601273835819
181.35,68.61036005847025
192.16,68.61036005847025
139.58,81.16630164092456
1049.2,533.7767944609874
171.96,473.4748413465369
13.02,68.61036005847025
6.848,68.61036005847025
43.7,68.61036005847025
85.14,332.2405619296831
4.832,68.61036005847025
217.44,332.2405619296831
24.3,81.16630164092456
17.024,81.16630164092456
101.34,332.2405619296831
17.616,68.61036005847025
5.04,68.61036005847025
117.96,248.4006372861004
9.84,68.61036005847025
1504.52,473.4748413465369
901.95,147.81640657526864
201.584,339.4601273835819
2934.33,248.4006372861004
773.94,339.4601273835819
193.95,248.4006372861004
23.68,68.61036005847025
161.568,68.61036005847025
26.96,332.2405619296831
13.896,68.61036005847025
57.75,68.61036005847025
28.4,68.61036005847025
1.744,68.61036005847025
72.744,339.4601273835819
55.104,68.61036005847025
3.52,68.61036005847025
130.112,68.61036005847025
34.944,68.61036005847025
41.86,68.61036005847025
3.488,68.61036005847025
45.36,68.61036005847025
307.168,339.4601273835819
254.058,68.61036005847025
29.925,535.8245668677803
362.92,248.4006372861004
844.116,473.4748413465369
62.85,332.2405619296831
3.036,68.61036005847025
9.728,68.61036005847025
9.84,68.61036005847025
3.96,68.61036005847025
11.394,68.61036005847025
9.555,68.61036005847025
3.828,68.61036005847025
8.36,116.87745840563045
177.98,68.61036005847025
7.56,68.61036005847025
368.97,473.4748413465369
9.324,68.61036005847025
15.552,68.61036005847025
2.88,68.61036005847025
4.928,68.61036005847025
166.72,248.4006372861004
140.97,332.2405619296831
1.824,68.61036005847025
75.18,68.61036005847025
1799.994,3407.6741908749855
12.672,68.61036005847025
29.472,68.61036005847025
15.552,68.61036005847025
1123.92,473.4748413465369
11.784,68.61036005847025
124.792,339.4601273835819
599.985,535.8245668677803
44.376,339.4601273835819
150.384,339.4601273835819
13.28,81.16630164092456
2939.93,544.1736889580168
7.7,68.61036005847025
11.648,68.61036005847025
1669.6,473.4748413465369
191.079,473.4748413465369
82.896,68.61036005847025
168.624,248.4006372861004
14.62,68.61036005847025
3.768,68.61036005847025
24.192,68.61036005847025
139.8,339.4601273835819
11.68,68.61036005847025
59.52,68.61036005847025
453.6,68.61036005847025
1137.75,473.4748413465369
62.18,441.56461647641146
541.24,248.4006372861004
25.488,332.2405619296831
7999.98,604.5890643187606
5.56,68.61036005847025
5.95,332.2405619296831
13.72,248.4006372861004
120.0,535.8245668677803
87.96,339.4601273835819
303.92,81.16630164092456
7.96,68.61036005847025
3991.98,1303.4889697561935
50.96,68.61036005847025
17.92,68.61036005847025
95.94,248.4006372861004
55.44,68.61036005847025
28.35,68.61036005847025
57.9,68.61036005847025
12.78,68.61036005847025
27.93,68.61036005847025
11.952,68.61036005847025
45.36,68.61036005847025
43.68,68.61036005847025
124.2,339.4601273835819
5.184,68.61036005847025
153.78,248.4006372861004
39.84,68.61036005847025
5.248,68.61036005847025
20.23,68.61036005847025
314.352,473.4748413465369
26.632,248.4006372861004
8.82,68.61036005847025
723.92,473.4748413465369
41.4,68.61036005847025
38.28,68.61036005847025
545.85,81.16630164092456
333.09,248.4006372861004
12.222,68.61036005847025
283.92,473.4748413465369
99.28,68.61036005847025
19.44,68.61036005847025
10.38,68.61036005847025
42.616,68.61036005847025
55.584,68.61036005847025
53.7,332.2405619296831
59.7,68.61036005847025
65.584,68.61036005847025
108.96,68.61036005847025
8.92,81.16630164092456
6.48,68.61036005847025
116.76,339.4601273835819
5.304,68.61036005847025
9.552,68.61036005847025
73.85,248.4006372861004
345.0,332.2405619296831
155.372,473.4748413465369
332.028,81.16630164092456
95.97,68.61036005847025
10.368,68.61036005847025
33.48,248.4006372861004
40.68,339.4601273835819
3.808,68.61036005847025
122.97,68.61036005847025
347.802,473.4748413465369
9.088,68.61036005847025
4.41,68.61036005847025
200.064,248.4006372861004
212.13,81.16630164092456
9.64,68.61036005847025
92.52,248.4006372861004
27.18,68.61036005847025
91.6,68.61036005847025
35.0,81.16630164092456
1297.368,248.4006372861004
12.96,68.61036005847025
9.096,332.2405619296831
99.372,473.4748413465369
40.752,68.61036005847025
35.448,68.61036005847025
2.688,68.61036005847025
67.86,68.61036005847025
542.94,68.61036005847025
617.97,339.4601273835819
6.192,68.61036005847025
5.08,68.61036005847025
4548.81,339.4601273835819
2249.91,379.8476244613008
13.36,68.61036005847025
184.704,248.4006372861004
97.184,473.4748413465369
71.976,339.4601273835819
47.808,68.61036005847025
431.16,332.2405619296831
523.48,248.4006372861004
539.964,339.4601273835819
9.96,68.61036005847025
1487.976,519.3374276801107
79.92,339.4601273835819
127.785,473.4748413465369
6.048,68.61036005847025
30.36,81.16630164092456
69.9,339.4601273835819
4.712,106.82169958613005
824.97,339.4601273835819
105.584,339.4601273835819
90.0,332.2405619296831
377.97,339.4601273835819
13.592,81.16630164092456
1.824,68.61036005847025
9.568,68.61036005847025
14.98,68.61036005847025
9.708,81.16630164092456
104.68,68.61036005847025
8.96,81.16630164092456
21.984,68.61036005847025
8.72,68.61036005847025
9.344,68.61036005847025
58.05,68.61036005847025
3.76,68.61036005847025
440.91,339.4601273835819
64.944,81.16630164092456
166.84,68.61036005847025
20.368,68.61036005847025
17.088,68.61036005847025
10.68,81.16630164092456
470.302,473.4748413465369
959.984,1214.365049149144
419.4,68.61036005847025
274.491,68.61036005847025
40.74,68.61036005847025
19.44,68.61036005847025
60.048,68.61036005847025
12.94,68.61036005847025
568.728,473.4748413465369
63.2,81.16630164092456
113.79,81.16630164092456
1599.92,938.9672503256149
151.92,68.61036005847025
18.368,68.61036005847025
538.92,332.2405619296831
36.672,68.61036005847025
227.976,332.2405619296831
104.9,248.4006372861004
71.976,535.8245668677803
4.224,68.61036005847025
38.62,248.4006372861004
7.872,68.61036005847025
298.776,473.4748413465369
2548.56,535.8245668677803
153.552,68.61036005847025
95.1,332.2405619296831
98.352,68.61036005847025
332.704,379.517329161834
1706.184,473.4748413465369
327.564,473.4748413465369
13.92,68.61036005847025
59.97,339.4601273835819
53.34,81.16630164092456
31.176,332.2405619296831
11.96,68.61036005847025
20.34,68.61036005847025
764.688,1102.8877460302026
23.696,68.61036005847025
54.32,68.61036005847025
3.96,68.61036005847025
537.544,339.4601273835819
47.968,473.4748413465369
114.288,248.4006372861004
162.64,68.61036005847025
485.94,339.4601273835819
89.97,332.2405619296831
41.92,68.61036005847025
12.6,68.61036005847025
348.84,68.61036005847025
138.0,339.4601273835819
1322.93,339.4601273835819
24.18,68.61036005847025
71.98,332.2405619296831
63.552,81.16630164092456
2575.944,339.4601273835819
499.584,68.61036005847025
1261.33,248.4006372861004
89.97,332.2405619296831
3.64,68.61036005847025
2625.12,68.61036005847025
46.74,248.4006372861004
10.608,68.61036005847025
32.54,68.61036005847025
601.536,339.4601273835819
113.92,68.61036005847025
239.666,473.4748413465369
46.344,248.4006372861004
22.96,68.61036005847025
128.744,68.61036005847025
717.72,473.4748413465369
5.76,68.61036005847025
14.89,81.16630164092456
393.568,473.4748413465369
5.232,68.61036005847025
40.88,68.61036005847025
18.24,68.61036005847025
10.4,68.61036005847025
19.3,81.16630164092456
6.48,68.61036005847025
47.52,68.61036005847025
88.92,81.16630164092456
21.93,68.61036005847025
83.92,81.16630164092456
8.32,68.61036005847025
11.176,68.61036005847025
17.248,68.61036005847025
9.28,68.61036005847025
27.264,68.61036005847025
276.784,68.61036005847025
35.96,539.3681268824532
492.835,473.4748413465369
5.56,68.61036005847025
10.8,68.61036005847025
123.92,68.61036005847025
27.992,339.4601273835819
10.86,68.61036005847025
20.232,68.61036005847025
15.232,68.61036005847025
98.16,332.2405619296831
29.6,68.61036005847025
31.44,248.4006372861004
24.816,68.61036005847025
14.94,68.61036005847025
136.99,339.4601273835819
42.6,81.16630164092456
26.85,332.2405619296831
76.64,68.61036005847025
203.92,473.4748413465369
16.496,68.61036005847025
257.98,339.4601273835819
22.92,68.61036005847025
107.44,248.4006372861004
4.896,68.61036005847025
512.499,473.4748413465369
12.39,68.61036005847025
23.688,68.61036005847025
10.688,68.61036005847025
183.92,81.16630164092456
39.992,332.2405619296831
2999.95,1061.2626312779955
31.92,339.4601273835819
357.93,68.61036005847025
11.52,68.61036005847025
15.76,68.61036005847025
14.4,68.61036005847025
36.4,68.61036005847025
478.24,68.61036005847025
409.216,81.16630164092456
299.98,339.4601273835819
238.896,332.2405619296831
176.772,68.61036005847025
37.764,68.61036005847025
5.888,68.61036005847025
3.04,68.61036005847025
86.97,473.4748413465369
51.45,248.4006372861004
4.896,68.61036005847025
9.82,68.61036005847025
59.48,248.4006372861004
118.16,248.4006372861004
1.44,68.61036005847025
415.968,339.4601273835819
15.42,248.4006372861004
15.78,248.4006372861004
3.984,81.16630164092456
5.84,68.61036005847025
92.96,68.61036005847025
42.784,68.61036005847025
772.68,248.4006372861004
540.048,248.4006372861004
31.5,68.61036005847025
3.52,68.61036005847025
15.52,68.61036005847025
36.6,81.16630164092456
45.696,81.16630164092456
22.62,68.61036005847025
7.36,68.61036005847025
59.52,68.61036005847025
6.54,68.61036005847025
12.462,68.61036005847025
81.96,68.61036005847025
99.99,332.2405619296831
340.182,339.4601273835819
4.608,68.61036005847025
19.824,68.61036005847025
51.84,68.61036005847025
5.682,68.61036005847025
102.3,68.61036005847025
11.52,68.61036005847025
3.318,68.61036005847025
34.24,68.61036005847025
31.776,68.61036005847025
704.76,248.4006372861004
25.92,68.61036005847025
116.98,339.4601273835819
686.4,535.8245668677803
69.52,248.4006372861004
84.416,68.61036005847025
81.92,68.61036005847025
11.808,68.61036005847025
47.984,332.2405619296831
3504.9,637.0496612007969
83.984,339.4601273835819
299.97,473.4748413465369
43.96,81.16630164092456
79.36,68.61036005847025
5.58,68.61036005847025
53.568,68.61036005847025
2549.985,2171.9581511344904
40.24,68.61036005847025
659.97,339.4601273835819
47.952,68.61036005847025
194.32,68.61036005847025
23.92,68.61036005847025
20.88,68.61036005847025
391.98,339.4601273835819
213.48,339.4601273835819
95.952,68.61036005847025
3.408,68.61036005847025
54.92,81.16630164092456
1088.792,2317.2223958854747
572.8,339.4601273835819
40.712,68.61036005847025
62.79,68.61036005847025
658.746,473.4748413465369
4.624,68.61036005847025
45.0,332.2405619296831
99.98,332.2405619296831
11.96,68.61036005847025
195.136,248.4006372861004
20.736,68.61036005847025
35.34,81.16630164092456
72.0,332.2405619296831
211.168,339.4601273835819
10.782,68.61036005847025
9.952,248.4006372861004
15.36,68.61036005847025
89.97,332.2405619296831
88.02,81.16630164092456
95.968,332.2405619296831
61.12,68.61036005847025
20.32,81.16630164092456
3357.6,735.6832914291838
1363.96,339.4601273835819
10.512,68.61036005847025
67.9932,473.4748413465369
3.528,68.61036005847025
72.704,81.16630164092456
5.67,68.61036005847025
34.86,68.61036005847025
124.032,68.61036005847025
11.07,68.61036005847025
1626.192,339.4601273835819
7.536,68.61036005847025
119.98,332.2405619296831
32.064,81.16630164092456
95.68,339.4601273835819
1871.88,339.4601273835819
4355.168,2344.4421958854755
913.43,473.4748413465369
37.408,68.61036005847025
9.552,204.84595332088156
305.01,248.4006372861004
11.688,81.16630164092456
4.368,68.61036005847025
168.1,68.61036005847025
36.288,68.61036005847025
13.272,68.61036005847025
129.93,81.16630164092456
47.96,68.61036005847025
195.466,473.4748413465369
1128.39,473.4748413465369
124.95,339.4601273835819
1565.88,473.4748413465369
12.39,68.61036005847025
20.992,68.61036005847025
2.934,68.61036005847025
14.7,68.61036005847025
76.864,68.61036005847025
9099.93,535.8245668677803
34.384,273.4254025898974
348.56,248.4006372861004
4.47,68.61036005847025
20.736,68.61036005847025
159.96,339.4601273835819
528.43,473.4748413465369
4.536,68.61036005847025
4.338,68.61036005847025
946.764,68.61036005847025
590.058,473.4748413465369
93.06,248.4006372861004
17.34,68.61036005847025
9.32,68.61036005847025
743.988,519.3374276801107
2.628,68.61036005847025
192.8,68.61036005847025
6.63,68.61036005847025
5.607,68.61036005847025
59.24,68.61036005847025
931.176,68.61036005847025
323.136,473.4748413465369
19.83,68.61036005847025
27.216,68.61036005847025
46.53,248.4006372861004
262.336,68.61036005847025
8.82,68.61036005847025
172.186,473.4748413465369
14.304,68.61036005847025
47.04,81.16630164092456
20.736,68.61036005847025
6.9,68.61036005847025
185.88,68.61036005847025
283.14,68.61036005847025
22.83,68.61036005847025
885.528,473.4748413465369
841.568,68.61036005847025
9.656,81.16630164092456
45.4,248.4006372861004
62.048,68.61036005847025
46.53,248.4006372861004
359.32,248.4006372861004
12.96,68.61036005847025
24.56,68.61036005847025
239.976,339.4601273835819
425.833,648.5826989599155
366.744,722.4102464078867
28.85,68.61036005847025
1919.976,662.7626219291299
83.79,68.61036005847025
479.984,1168.9327145566535
26.176,332.2405619296831
127.764,473.4748413465369
850.5,68.61036005847025
115.296,68.61036005847025
11.36,68.61036005847025
4.928,81.16630164092456
16.23,68.61036005847025
399.672,473.4748413465369
15.936,68.61036005847025
8.64,68.61036005847025
17.544,68.61036005847025
603.92,473.4748413465369
483.136,473.4748413465369
883.92,473.4748413465369
6354.95,2289.1401958763317
40.0,332.2405619296831
331.023,473.4748413465369
36.4,68.61036005847025
48.94,68.61036005847025
55.92,248.4006372861004
23.68,68.61036005847025
14.352,68.61036005847025
139.96,332.2405619296831
306.9,81.16630164092456
1577.94,68.61036005847025
409.272,473.4748413465369
24.448,68.61036005847025
329.988,339.4601273835819
2.286,68.61036005847025
254.9745,1102.8877460302026
447.944,332.2405619296831
281.34,68.61036005847025
133.98,339.4601273835819
16.9,68.61036005847025
45.04,68.61036005847025
101.34,332.2405619296831
842.72,81.16630164092456
662.88,473.4748413465369
39.808,292.86454587416443
24.032,332.2405619296831
99.136,68.61036005847025
23.68,68.61036005847025
11.88,68.61036005847025
269.982,339.4601273835819
151.72,81.16630164092456
251.52,68.61036005847025
18.84,81.16630164092456
6.63,68.61036005847025
25.92,68.61036005847025
199.95,332.2405619296831
154.9,68.61036005847025
35.4,68.61036005847025
1592.85,473.4748413465369
12.294,68.61036005847025
100.704,248.4006372861004
1640.7,68.61036005847025
7.996,81.16630164092456
166.44,68.61036005847025
523.764,473.4748413465369
44.856,68.61036005847025
33.28,68.61036005847025
15.552,68.61036005847025
8.016,68.61036005847025
60.72,81.16630164092456
40.3,68.61036005847025
110.352,339.4601273835819
34.44,68.61036005847025
45.68,68.61036005847025
38.34,68.61036005847025
146.352,248.4006372861004
54.384,332.2405619296831
4.624,68.61036005847025
54.9,68.61036005847025
249.75,248.4006372861004
25.92,68.61036005847025
2573.82,473.4748413465369
1004.024,473.4748413465369
200.97,339.4601273835819
19.65,68.61036005847025
6.48,68.61036005847025
486.368,473.4748413465369
83.92,248.4006372861004
21.184,81.16630164092456
9.912,68.61036005847025
108.576,339.4601273835819
41.376,68.61036005847025
17.43,68.61036005847025
76.92,81.16630164092456
11.648,81.16630164092456
81.96,68.61036005847025
71.6,68.61036005847025
83.36,248.4006372861004
1439.982,731.5271193801104
334.768,68.61036005847025
74.352,68.61036005847025
22.608,81.16630164092456
73.98,339.4601273835819
75.04,68.61036005847025
343.2,535.8245668677803
66.96,248.4006372861004
10.368,68.61036005847025
119.96,332.2405619296831
791.964,339.4601273835819
5.04,68.61036005847025
66.58,248.4006372861004
46.8,68.61036005847025
373.08,248.4006372861004
55.168,68.61036005847025
55.48,68.61036005847025
23.832,248.4006372861004
465.16,68.61036005847025
22638.48,535.8245668677803
637.896,473.4748413465369
25.06,68.61036005847025
7.52,68.61036005847025
177.225,473.4748413465369
35.04,68.61036005847025
120.784,473.4748413465369
158.376,339.4601273835819
81.96,68.61036005847025
15.552,68.61036005847025
11.824,339.4601273835819
47.01,68.61036005847025
248.57,248.4006372861004
77.55,248.4006372861004
14.9,248.4006372861004
183.84,81.16630164092456
79.96,339.4601273835819
19.648,68.61036005847025
102.624,248.4006372861004
69.99,1185.818581561749
103.12,332.2405619296831
64.2,68.61036005847025
474.95,332.2405619296831
47.976,332.2405619296831
20.736,68.61036005847025
15.84,81.16630164092456
10.688,68.61036005847025
92.52,248.4006372861004
144.12,68.61036005847025
15.712,68.61036005847025
22.608,81.16630164092456
270.72,68.61036005847025
42.93,68.61036005847025
431.976,332.2405619296831
302.376,339.4601273835819
5.04,68.61036005847025
1295.78,303.7930560635299
3.438,68.61036005847025
38.04,332.2405619296831
124.792,339.4601273835819
23.976,339.4601273835819
191.6,68.61036005847025
3.552,68.61036005847025
673.344,473.4748413465369
232.4,68.61036005847025
120.576,81.16630164092456
11.52,68.61036005847025
26.48,81.16630164092456
700.152,473.4748413465369
49.632,248.4006372861004
87.168,332.2405619296831
6.286,68.61036005847025
302.376,588.3955324449315
3.36,68.61036005847025
40.968,68.61036005847025
187.76,81.16630164092456
20.736,68.61036005847025
23.968,68.61036005847025
359.98,339.4601273835819
480.96,473.4748413465369
475.944,339.4601273835819
895.92,68.61036005847025
46.62,68.61036005847025
6.888,68.61036005847025
29.718,68.61036005847025
236.5,248.4006372861004
75.792,68.61036005847025
88.776,339.4601273835819
8.952,68.61036005847025
215.976,473.4748413465369
62.65,68.61036005847025
14.432,68.61036005847025
20.72,68.61036005847025
24.448,68.61036005847025
9.99,339.4601273835819
139.92,81.16630164092456
319.76,68.61036005847025
190.848,81.16630164092456
104.28,248.4006372861004
14.56,68.61036005847025
10499.97,11864.966099999996
33.28,68.61036005847025
68.04,68.61036005847025
5.184,68.61036005847025
146.176,68.61036005847025
275.24,68.61036005847025
353.88,248.4006372861004
29.84,68.61036005847025
24.9,68.61036005847025
10.272,68.61036005847025
2.688,68.61036005847025
271.764,473.4748413465369
10.272,68.61036005847025
14.88,68.61036005847025
8.64,68.61036005847025
196.776,339.4601273835819
9.024,68.61036005847025
254.24,332.2405619296831
550.431,473.4748413465369
532.72,535.8245668677803
23.24,68.61036005847025
51.94,81.16630164092456
5.904,68.61036005847025
48.576,81.16630164092456
303.25,81.16630164092456
11.088,68.61036005847025
169.45,248.4006372861004
14.952,68.61036005847025
1194.165,473.4748413465369
109.764,473.4748413465369
521.96,473.4748413465369
2.92,68.61036005847025
111.96,68.61036005847025
13.36,68.61036005847025
167.86,68.61036005847025
8.544,68.61036005847025
85.52,248.4006372861004
34.08,68.61036005847025
11.36,68.61036005847025
109.92,68.61036005847025
377.97,339.4601273835819
706.86,68.61036005847025
1447.65,68.61036005847025
48.944,68.61036005847025
9.94,81.16630164092456
28.68,339.4601273835819
12.294,68.61036005847025
2690.97,872.0214208053579
5.64,68.61036005847025
316.0,332.2405619296831
79.984,332.2405619296831
93.68,248.4006372861004
686.32,604.5890643187606
23.344,332.2405619296831
68.112,332.2405619296831
23.56,81.16630164092456
8.784,68.61036005847025
210.68,81.16630164092456
63.92,332.2405619296831
7.752,68.61036005847025
287.91,535.8245668677803
38.34,68.61036005847025
35.168,332.2405619296831
322.192,68.61036005847025
17.31,81.16630164092456
3406.664,648.5826989599155
15.28,68.61036005847025
235.152,339.4601273835819
542.94,473.4748413465369
10.688,68.61036005847025
67.176,473.4748413465369
424.272,453.1371814061019
1.408,68.61036005847025
60.12,68.61036005847025
59.98,332.2405619296831
241.44,68.61036005847025
20.664,68.61036005847025
310.88,96.64756910235515
31.84,68.61036005847025
21.38,68.61036005847025
369.544,339.4601273835819
845.728,68.61036005847025
47.992,332.2405619296831
10.368,68.61036005847025
58.2,81.16630164092456
19.776,68.61036005847025
12.828,68.61036005847025
132.16,248.4006372861004
7.58,68.61036005847025
7.61,68.61036005847025
1.392,68.61036005847025
2003.92,580.3677853882034
7.872,68.61036005847025
212.94,473.4748413465369
1454.49,339.4601273835819
40.776,332.2405619296831
79.974,473.4748413465369
2715.93,68.61036005847025
341.96,473.4748413465369
542.646,473.4748413465369
43.92,68.61036005847025
666.4,332.2405619296831
25.06,68.61036005847025
9.588,339.4601273835819
25.92,68.61036005847025
185.376,68.61036005847025
32.4,68.61036005847025
60.84,81.16630164092456
457.568,473.4748413465369
14.19,81.16630164092456
5.184,68.61036005847025
144.784,473.4748413465369
7.16,68.61036005847025
1090.782,473.4748413465369
258.528,339.4601273835819
392.94,473.4748413465369
131.136,248.4006372861004
14.272,81.16630164092456
13.392,68.61036005847025
39.552,68.61036005847025
587.97,339.4601273835819
60.72,81.16630164092456
142.36,473.4748413465369
211.248,68.61036005847025
1704.56,68.61036005847025
209.97,339.4601273835819
80.48,68.61036005847025
30.0,332.2405619296831
5.5,339.4601273835819
17.12,68.61036005847025
383.952,332.2405619296831
26.046,68.61036005847025
87.92,68.61036005847025
1039.992,535.8245668677803
12.96,68.61036005847025
50.12,332.2405619296831
30.88,81.16630164092456
10.896,68.61036005847025
227.46,339.4601273835819
15.51,248.4006372861004
465.16,68.61036005847025
31.248,68.61036005847025
95.984,339.4601273835819
88.04,68.61036005847025
81.94,473.4748413465369
32.4,68.61036005847025
20.736,68.61036005847025
843.9,467.9427591189672
300.904,473.4748413465369
71.96,68.61036005847025
1350.12,248.4006372861004
863.64,339.4601273835819
195.68,68.61036005847025
68.472,68.61036005847025
763.28,473.4748413465369
182.94,473.4748413465369
137.54,81.16630164092456
171.288,473.4748413465369
129.45,332.2405619296831
45.528,68.61036005847025
58.48,68.61036005847025
31.4,81.16630164092456
8.952,68.61036005847025
609.98,473.4748413465369
20.8,332.2405619296831
70.68,81.16630164092456
422.058,473.4748413465369
41.37,81.16630164092456
5.76,68.61036005847025
730.2,473.4748413465369
6.608,68.61036005847025
2453.43,637.0496612007969
39.296,248.4006372861004
14.62,68.61036005847025
124.41,81.16630164092456
1598.058,125.33354238347025
129.3,248.4006372861004
2803.92,637.0496612007969
14.6,68.61036005847025
853.93,473.4748413465369
11.76,68.61036005847025
38.88,68.61036005847025
17.15,248.4006372861004
2807.84,473.4748413465369
66.294,473.4748413465369
143.73,332.2405619296831
15.552,68.61036005847025
219.84,68.61036005847025
11.76,68.61036005847025
11.67,68.61036005847025
84.98,473.4748413465369
34.504,81.16630164092456
284.364,473.4748413465369
22.58,248.4006372861004
46.2,68.61036005847025
59.904,68.61036005847025
1115.17,473.4748413465369
113.328,68.61036005847025
16.24,248.4006372861004
18.288,68.61036005847025
577.764,679.9750612007969
26.376,339.4601273835819
63.92,81.16630164092456
17.12,68.61036005847025
350.98,473.4748413465369
17.12,68.61036005847025
896.328,473.4748413465369
41.376,68.61036005847025
180.96,68.61036005847025
98.328,81.16630164092456
21.4,68.61036005847025
49.98,332.2405619296831
152.94,68.61036005847025
539.97,339.4601273835819
415.176,68.61036005847025
21.8,339.4601273835819
46.872,81.16630164092456
883.84,473.4748413465369
480.74,68.61036005847025
74.0,68.61036005847025
122.352,473.4748413465369
11.736,68.61036005847025
170.352,473.4748413465369
11.232,68.61036005847025
19.608,68.61036005847025
127.96,68.61036005847025
48.784,68.61036005847025
13.392,68.61036005847025
56.3,68.61036005847025
32.952,81.16630164092456
51.84,68.61036005847025
70.008,68.61036005847025
81.98,68.61036005847025
39.92,81.16630164092456
6.368,81.16630164092456
6.912,68.61036005847025
16.192,81.16630164092456
866.646,473.4748413465369
82.95,332.2405619296831
340.704,473.4748413465369
121.6,68.61036005847025
27.36,68.61036005847025
41.424,332.2405619296831
50.0,332.2405619296831
136.26,248.4006372861004
73.2,68.61036005847025
22.96,68.61036005847025
46.688,332.2405619296831
373.47,473.4748413465369
99.87,248.4006372861004
80.991,561.1736201895185
4663.736,1627.3855312696319
23.88,81.16630164092456
4.3,68.61036005847025
195.64,248.4006372861004
5.84,68.61036005847025
18.264,68.61036005847025
19.98,68.61036005847025
61.542,339.4601273835819
4.91,68.61036005847025
272.97,473.4748413465369
20.736,68.61036005847025
6.104,68.61036005847025
55.008,68.61036005847025
368.97,473.4748413465369
19.98,339.4601273835819
47.18,68.61036005847025
17.64,68.61036005847025
1.696,68.61036005847025
293.52,68.61036005847025
19.44,68.61036005847025
481.176,473.4748413465369
6.6,68.61036005847025
12.96,68.61036005847025
46.84,248.4006372861004
8.226,68.61036005847025
53.316,473.4748413465369
184.752,473.4748413465369
35.216,68.61036005847025
68.16,81.16630164092456
391.98,339.4601273835819
15.984,339.4601273835819
204.95,68.61036005847025
69.08,148.9467094098116
98.352,248.4006372861004
25.99,68.61036005847025
3.912,68.61036005847025
31.05,68.61036005847025
79.96,339.4601273835819
18.32,68.61036005847025
211.04,68.61036005847025
88.768,68.61036005847025
705.544,339.4601273835819
431.928,332.2405619296831
12.144,68.61036005847025
44.4,68.61036005847025
14.67,68.61036005847025
427.42,68.61036005847025
765.625,473.4748413465369
39.96,339.4601273835819
23.92,68.61036005847025
519.96,332.2405619296831
16.752,68.61036005847025
159.768,68.61036005847025
14.76,81.16630164092456
97.568,473.4748413465369
39.68,68.61036005847025
87.8,339.4601273835819
4.086,68.61036005847025
39.984,332.2405619296831
23.076,81.16630164092456
143.7,68.61036005847025
563.808,248.4006372861004
271.984,68.61036005847025
1279.165,473.4748413465369
43.188,68.61036005847025
207.846,473.4748413465369
3.76,68.61036005847025
339.96,332.2405619296831
25.584,68.61036005847025
3.424,68.61036005847025
11.36,68.61036005847025
659.168,339.4601273835819
13.9,68.61036005847025
79.872,68.61036005847025
8.226,68.61036005847025
9.728,68.61036005847025
119.616,68.61036005847025
15.712,68.61036005847025
9.84,68.61036005847025
13.128,68.61036005847025
9.664,68.61036005847025
24.85,81.16630164092456
99.87,248.4006372861004
1379.92,604.5890643187606
10.368,68.61036005847025
239.976,339.4601273835819
307.776,68.61036005847025
19.936,68.61036005847025
79.44,81.16630164092456
18.432,68.61036005847025
15.54,68.61036005847025
5.184,68.61036005847025
241.96,68.61036005847025
71.952,339.4601273835819
79.44,81.16630164092456
81.54,68.61036005847025
34.24,68.61036005847025
6.16,81.16630164092456
128.85,339.4601273835819
152.991,68.61036005847025
154.9,68.61036005847025
45.584,68.61036005847025
28.672,68.61036005847025
73.28,68.61036005847025
959.984,1111.998337233124
10.16,68.61036005847025
435.504,248.4006372861004
12.536,68.61036005847025
22.96,68.61036005847025
11.232,68.61036005847025
7.968,68.61036005847025
13.98,68.61036005847025
61.4,68.61036005847025
411.332,473.4748413465369
7.12,68.61036005847025
3.882,68.61036005847025
1951.84,473.4748413465369
15.26,68.61036005847025
7.872,68.61036005847025
47.98,81.16630164092456
186.048,473.4748413465369
447.86,68.61036005847025
46.864,332.2405619296831
40.776,68.61036005847025
117.456,183.15548966621478
17.9,332.2405619296831
10.776,81.16630164092456
241.96,473.4748413465369
34.6,68.61036005847025
108.4,81.16630164092456
19.6,68.61036005847025
342.37,68.61036005847025
63.9,68.61036005847025
15.712,68.61036005847025
242.94,248.4006372861004
769.184,68.61036005847025
5.16,68.61036005847025
8.72,68.61036005847025
6.9,332.2405619296831
5.98,248.4006372861004
52.272,68.61036005847025
55.5,248.4006372861004
11.952,68.61036005847025
12.624,68.61036005847025
629.95,339.4601273835819
28.752,68.61036005847025
344.372,473.4748413465369
2879.952,1262.4651745566534
979.95,339.4601273835819
21.456,68.61036005847025
158.376,339.4601273835819
637.44,332.2405619296831
9.82,68.61036005847025
1628.82,473.4748413465369
83.9,68.61036005847025
12.176,68.61036005847025
348.208,248.4006372861004
10.36,68.61036005847025
2.78,68.61036005847025
16.68,339.4601273835819
19.14,68.61036005847025
2.97,332.2405619296831
49.408,68.61036005847025
34.272,68.61036005847025
19.68,68.61036005847025
32.064,68.61036005847025
128.744,339.4601273835819
192.22,81.16630164092456
2.992,68.61036005847025
233.058,473.4748413465369
28.784,339.4601273835819
39.72,248.4006372861004
265.17,413.36168140610187
11.84,81.16630164092456
451.136,473.4748413465369
14.9,68.61036005847025
32.4,68.61036005847025
15.28,68.61036005847025
6.464,81.16630164092456
59.808,68.61036005847025
758.352,339.4601273835819
8.016,68.61036005847025
114.95,339.4601273835819
2.224,68.61036005847025
1704.89,1066.223472305213
52.4,248.4006372861004
358.58,473.4748413465369
10.384,332.2405619296831
12.224,68.61036005847025
12.96,68.61036005847025
58.48,68.61036005847025
39.88,81.16630164092456
5.32,68.61036005847025
227.96,473.4748413465369
171.2,68.61036005847025
10.368,68.61036005847025
13.584,68.61036005847025
4.158,68.61036005847025
8.56,68.61036005847025
25.164,68.61036005847025
40.7,68.61036005847025
8.64,68.61036005847025
696.42,473.4748413465369
481.32,292.79148293748324
269.97,535.8245668677803
563.024,68.61036005847025
15.192,68.61036005847025
359.499,473.4748413465369
43.176,68.61036005847025
899.43,473.4748413465369
317.058,473.4748413465369
263.88,68.61036005847025
7.312,68.61036005847025
19.92,68.61036005847025
11.52,68.61036005847025
8.544,81.16630164092456
360.38,248.4006372861004
1298.55,473.4748413465369
1007.944,339.4601273835819
218.376,473.4748413465369
13.96,81.16630164092456
11.52,68.61036005847025
104.85,68.61036005847025
6.08,68.61036005847025
207.0,473.4748413465369
1252.704,473.4748413465369
70.56,81.16630164092456
28.28,81.16630164092456
52.136,68.61036005847025
48.94,68.61036005847025
10.98,68.61036005847025
13.005,68.61036005847025
15.48,68.61036005847025
35.808,68.61036005847025
116.784,332.2405619296831
68.6,248.4006372861004
37.32,248.4006372861004
311.976,473.4748413465369
37.68,248.4006372861004
4.92,68.61036005847025
49.568,68.61036005847025
29.808,68.61036005847025
184.66,68.61036005847025
231.98,339.4601273835819
20.88,68.61036005847025
517.9,339.4601273835819
211.96,248.4006372861004
3.264,68.61036005847025
9.45,68.61036005847025
59.913,68.61036005847025
31.984,339.4601273835819
37.3,81.16630164092456
872.94,473.4748413465369
4.344,68.61036005847025
946.344,339.4601273835819
25.32,68.61036005847025
3499.93,339.4601273835819
506.28,535.8245668677803
319.968,339.4601273835819
51.52,68.61036005847025
11.56,68.61036005847025
653.55,473.4748413465369
68.52,68.61036005847025
17.96,68.61036005847025
189.588,68.61036005847025
35.168,81.16630164092456
19.968,68.61036005847025
83.976,332.2405619296831
34.248,68.61036005847025
29.04,68.61036005847025
80.58,248.4006372861004
1347.52,248.4006372861004
703.968,339.4601273835819
58.73,68.61036005847025
18.272,68.61036005847025
3.29,68.61036005847025
72.64,332.2405619296831
179.9,68.61036005847025
155.88,68.61036005847025
47.904,332.2405619296831
83.136,473.4748413465369
82.344,68.61036005847025
5.328,68.61036005847025
5199.96,1148.3398056385463
904.9,68.61036005847025
239.97,339.4601273835819
15.51,481.5221324696965
1016.792,2522.1550292096645
41.96,81.16630164092456
13.208,68.61036005847025
213.92,68.61036005847025
253.176,473.4748413465369
32.04,68.61036005847025
10.89,68.61036005847025
455.97,473.4748413465369
11.96,68.61036005847025
39.08,81.16630164092456
635.96,339.4601273835819
2.368,68.61036005847025
38.88,68.61036005847025
93.248,68.61036005847025
22.72,81.16630164092456
542.94,68.61036005847025
75.96,68.61036005847025
60.864,332.2405619296831
53.352,81.16630164092456
821.88,81.16630164092456
37.52,68.61036005847025
13.36,68.61036005847025
15.528,68.61036005847025
91.68,68.61036005847025
1.788,68.61036005847025
275.94,339.4601273835819
11.376,81.16630164092456
38.784,81.16630164092456
161.82,68.61036005847025
98.392,473.4748413465369
2.912,68.61036005847025
104.97,332.2405619296831
35.91,339.4601273835819
24.672,248.4006372861004
59.92,81.16630164092456
40.41,68.61036005847025
228.92,248.4006372861004
221.55,248.4006372861004
1487.04,473.4748413465369
4.752,68.61036005847025
19.0,68.61036005847025
155.372,473.4748413465369
290.352,473.4748413465369
8.26,68.61036005847025
21.93,68.61036005847025
17.12,68.61036005847025
51.312,68.61036005847025
45.96,68.61036005847025
13.216,68.61036005847025
282.888,81.16630164092456
200.984,68.61036005847025
16.896,68.61036005847025
18.504,68.61036005847025
82.368,248.4006372861004
64.624,68.61036005847025
5.388,68.61036005847025
452.94,473.4748413465369
167.968,339.4601273835819
64.784,473.4748413465369
19.44,68.61036005847025
37.52,68.61036005847025
15.984,339.4601273835819
15.712,81.16630164092456
5.352,81.16630164092456
86.304,68.61036005847025
8.904,68.61036005847025
3023.928,544.1736889580168
123.256,68.61036005847025
6.928,68.61036005847025
849.95,68.61036005847025
63.96,248.4006372861004
